"Group Name","Group Type"
310726_WA002_101_3035A,Product
310726_WA002_101_9999E,Product
310726_WA002_102_9999E,Product
310726_WA002-WA003_102_9999A,Product
310726_WA003_101_3007DRYGUM,Product
310726_WA003_101_3025S,Product
310726_WA003_101_3007FO,Product
310726_WA003_101_3002A,Product
310726_WA003_101_9999E,Product
310726_WA003_102_9999E,Product
310726_WA003-WA002_101_9999E,Product
310726_WA003-WA002_102_9999A,Product
310726_WA003-WA002_102_9999E,Product
REAL_PERIODS,Periods
REAL_PERIODS,Periods
REAL_PERIODS,Periods
REAL_PERIODS,Periods
REAL_PERIODS,Periods
REAL_PERIODS,Periods
REAL_PERIODS,Periods
REAL_PERIODS,Periods
REAL_PERIODS,Periods
REAL_PERIODS,Periods
REAL_PERIODS,Periods
REAL_PERIODS,Periods
REAL_PERIODS,Periods
REAL_PERIODS,Periods
REAL_PERIODS,Periods
REAL_PERIODS,Periods
REAL_PERIODS,Periods
REAL_PERIODS,Periods
REAL_PERIODS,Periods
REAL_PERIODS,Periods
REAL_PERIODS,Periods
REAL_PERIODS,Periods
REAL_PERIODS,Periods
REAL_PERIODS,Periods
REAL_PERIODS,Periods
REAL_PERIODS,Periods
REAL_PERIODS,Periods
REAL_PERIODS,Periods
REAL_PERIODS,Periods
REAL_PERIODS,Periods
REAL_PERIODS,Periods
REAL_PERIODS,Periods
REAL_PERIODS,Periods
REAL_PERIODS,Periods
REAL_PERIODS,Periods
REAL_PERIODS,Periods
REAL_PERIODS,Periods
REAL_PERIODS,Periods
REAL_PERIODS,Periods
REAL_PERIODS,Periods
REAL_PERIODS,Periods
REAL_PERIODS,Periods
REAL_PERIODS,Periods
REAL_PERIODS,Periods
REAL_PERIODS,Periods
REAL_PERIODS,Periods
REAL_PERIODS,Periods
REAL_PERIODS,Periods
REAL_PERIODS,Periods
REAL_PERIODS,Periods
REAL_PERIODS,Periods
REAL_PERIODS,Periods
REAL_PERIODS,Periods
REAL_PERIODS,Periods
REAL_PERIODS,Periods
REAL_PERIODS,Periods
REAL_PERIODS,Periods
REAL_PERIODS,Periods
REAL_PERIODS,Periods
REAL_PERIODS,Periods
REAL_PERIODS,Periods
REAL_PERIODS,Periods
REAL_PERIODS,Periods
REAL_PERIODS,Periods
REAL_PERIODS,Periods
REAL_PERIODS,Periods
REAL_PERIODS,Periods
REAL_PERIODS,Periods
REAL_PERIODS,Periods
REAL_PERIODS,Periods
REAL_PERIODS,Periods
REAL_PERIODS,Periods
REAL_PERIODS,Periods
REAL_PERIODS,Periods
REAL_PERIODS,Periods
REAL_PERIODS,Periods
REAL_PERIODS,Periods
REAL_PERIODS,Periods
REAL_PERIODS,Periods
REAL_PERIODS,Periods
REAL_PERIODS,Periods
REAL_PERIODS,Periods
REAL_PERIODS,Periods
REAL_PERIODS,Periods
REAL_PERIODS,Periods
REAL_PERIODS,Periods
REAL_PERIODS,Periods
REAL_PERIODS,Periods
REAL_PERIODS,Periods
REAL_PERIODS,Periods
REAL_PERIODS,Periods
REAL_PERIODS,Periods
REAL_PERIODS,Periods
REAL_PERIODS,Periods
REAL_PERIODS,Periods
REAL_PERIODS,Periods
REAL_PERIODS,Periods
REAL_PERIODS,Periods
REAL_PERIODS,Periods
REAL_PERIODS,Periods
REAL_PERIODS,Periods
REAL_PERIODS,Periods
REAL_PERIODS,Periods
REAL_PERIODS,Periods
REAL_PERIODS,Periods
REAL_PERIODS,Periods
REAL_PERIODS,Periods
REAL_PERIODS,Periods
REAL_PERIODS,Periods
REAL_PERIODS,Periods
REAL_PERIODS,Periods
REAL_PERIODS,Periods
REAL_PERIODS,Periods
REAL_PERIODS,Periods
REAL_PERIODS,Periods
REAL_PERIODS,Periods
REAL_PERIODS,Periods
REAL_PERIODS,Periods
REAL_PERIODS,Periods
REAL_PERIODS,Periods
REAL_PERIODS,Periods
